{
  "results": [
    {
      "command": "11X11",
      "mean": 0.027735589379999998,
      "stddev": 0.00839607350643053,
      "median": 0.025074923080000002,
      "user": 0.02587106,
      "system": 0.002242872,
      "min": 0.02407544558,
      "max": 0.05156589558000001,
      "times": [
        0.05156589558000001,
        0.026220688580000002,
        0.02445633858,
        0.02407544558,
        0.024962175580000003,
        0.025574802580000004,
        0.02567398258,
        0.02487939758,
        0.024759496580000002,
        0.02518767058
      ],
      "exit_codes": [
        0,
        0,
        0,
        0,
        0,
        0,
        0,
        0,
        0,
        0
      ],
      "parameters": {
        "TEST": "tests/test1.txt"
      }
    },
    {
      "command": "11X12",
      "mean": 0.027666725780000002,
      "stddev": 0.0010018217507609488,
      "median": 0.027754243080000005,
      "user": 0.02664796,
      "system": 0.0014338899999999997,
      "min": 0.025670167580000004,
      "max": 0.028746623580000002,
      "times": [
        0.028746623580000002,
        0.027305138580000003,
        0.028461430580000002,
        0.028203347580000003,
        0.028625649580000002,
        0.02852689258,
        0.027004701580000002,
        0.025670167580000004,
        0.027051412580000003,
        0.027071893580000003
      ],
      "exit_codes": [
        0,
        0,
        0,
        0,
        0,
        0,
        0,
        0,
        0,
        0
      ],
      "parameters": {
        "TEST": "tests/test6.txt"
      }
    },
    {
      "command": "12X12",
      "mean": 0.07302547838000001,
      "stddev": 0.0014578980790010143,
      "median": 0.07297043408000001,
      "user": 0.06965436,
      "system": 0.003536025999999999,
      "min": 0.07098952158,
      "max": 0.07549885158000001,
      "times": [
        0.07186618658,
        0.07161515258000001,
        0.07325421258,
        0.07549885158000001,
        0.07320075658,
        0.07417005358,
        0.07210323758,
        0.07274011158,
        0.07098952158,
        0.07481669958
      ],
      "exit_codes": [
        0,
        0,
        0,
        0,
        0,
        0,
        0,
        0,
        0,
        0
      ],
      "parameters": {
        "TEST": "tests/test2.txt"
      }
    },
    {
      "command": "12X13",
      "mean": 0.09169563428000001,
      "stddev": 0.001917199466348134,
      "median": 0.09159028758000001,
      "user": 0.08688116000000001,
      "system": 0.004938726,
      "min": 0.08948179558000001,
      "max": 0.09506335458000001,
      "times": [
        0.08983101958,
        0.09321374358000001,
        0.09287551258,
        0.08948179558000001,
        0.09229417758000001,
        0.09014065458000001,
        0.09334681358000001,
        0.09506335458000001,
        0.09088639758,
        0.08982287358
      ],
      "exit_codes": [
        0,
        0,
        0,
        0,
        0,
        0,
        0,
        0,
        0,
        0
      ],
      "parameters": {
        "TEST": "tests/test7.txt"
      }
    },
    {
      "command": "13X13",
      "mean": 0.27164504887999996,
      "stddev": 0.0035788627696363776,
      "median": 0.27141960658,
      "user": 0.26416406,
      "system": 0.00756148,
      "min": 0.26672578058,
      "max": 0.27763625858,
      "times": [
        0.26879212858,
        0.26913056458,
        0.27579949758,
        0.27417134358,
        0.27108423358,
        0.27175497958,
        0.27340545058,
        0.26672578058,
        0.26795025157999997,
        0.27763625858
      ],
      "exit_codes": [
        0,
        0,
        0,
        0,
        0,
        0,
        0,
        0,
        0,
        0
      ],
      "parameters": {
        "TEST": "tests/test3.txt"
      }
    },
    {
      "command": "14X11",
      "mean": 0.6122316597800002,
      "stddev": 0.0033005489503366934,
      "median": 0.6121978385800001,
      "user": 0.5940914600000001,
      "system": 0.018124380000000002,
      "min": 0.60748289858,
      "max": 0.61737153958,
      "times": [
        0.6090203845800001,
        0.6139558955800001,
        0.61737153958,
        0.6126652625800001,
        0.60973667758,
        0.6103257335800001,
        0.6117304145800001,
        0.60748289858,
        0.61277673058,
        0.6172510605800001
      ],
      "exit_codes": [
        0,
        0,
        0,
        0,
        0,
        0,
        0,
        0,
        0,
        0
      ],
      "parameters": {
        "TEST": "tests/test8.txt"
      }
    },
    {
      "command": "14X14",
      "mean": 0.84660245998,
      "stddev": 0.006321697176338863,
      "median": 0.8459461555800001,
      "user": 0.8247250599999999,
      "system": 0.021458879999999996,
      "min": 0.8378305695800001,
      "max": 0.85454472558,
      "times": [
        0.85454472558,
        0.8400625625800001,
        0.8538982135800001,
        0.8429961545800001,
        0.85411110158,
        0.8407380105800001,
        0.84995095058,
        0.84792099858,
        0.8439713125800001,
        0.8378305695800001
      ],
      "exit_codes": [
        0,
        0,
        0,
        0,
        0,
        0,
        0,
        0,
        0,
        0
      ],
      "parameters": {
        "TEST": "tests/test4.txt"
      }
    },
    {
      "command": "15X11",
      "mean": 1.59950263248,
      "stddev": 0.009887960952011957,
      "median": 1.59728860908,
      "user": 1.55681446,
      "system": 0.04268628,
      "min": 1.58807993558,
      "max": 1.6211629875800002,
      "times": [
        1.60536933858,
        1.5906617475800002,
        1.59668414858,
        1.6211629875800002,
        1.59545291658,
        1.60172900158,
        1.5907712065800002,
        1.60722197258,
        1.5978930695800002,
        1.58807993558
      ],
      "exit_codes": [
        0,
        0,
        0,
        0,
        0,
        0,
        0,
        0,
        0,
        0
      ],
      "parameters": {
        "TEST": "tests/test9.txt"
      }
    },
    {
      "command": "15X15",
      "mean": 2.4087916391799995,
      "stddev": 0.011514592931677612,
      "median": 2.40875752408,
      "user": 2.3547782600000002,
      "system": 0.05395618,
      "min": 2.3923763925799997,
      "max": 2.4331846595799997,
      "times": [
        2.4061649095799997,
        2.39916710758,
        2.41135013858,
        2.41222080258,
        2.3923763925799997,
        2.4331846595799997,
        2.41259399058,
        2.39809146558,
        2.4172387935799997,
        2.4055281315799997
      ],
      "exit_codes": [
        0,
        0,
        0,
        0,
        0,
        0,
        0,
        0,
        0,
        0
      ],
      "parameters": {
        "TEST": "tests/test5.txt"
      }
    },
    {
      "command": "15X16",
      "mean": 2.62368665128,
      "stddev": 0.02068306263704432,
      "median": 2.63386500208,
      "user": 2.5649440599999993,
      "system": 0.05867967999999999,
      "min": 2.59140205658,
      "max": 2.64681046158,
      "times": [
        2.64681046158,
        2.6101921295799997,
        2.6331515135799997,
        2.6363003135799996,
        2.64501692158,
        2.59140205658,
        2.63513725458,
        2.61235992058,
        2.63457849058,
        2.59191745058
      ],
      "exit_codes": [
        0,
        0,
        0,
        0,
        0,
        0,
        0,
        0,
        0,
        0
      ],
      "parameters": {
        "TEST": "tests/test10.txt"
      }
    }
  ]
}
